{"infer_time (ms)": 224.07150268554688, "render_speed (fps)": 30.564624324903313}